Created on 05-18-2020,https://www.CryptoDataDownload.com
Date,Symbol,Open,High,Low,Close,Volume ETH,Volume USD
2020-05-18,ETHUSD,207.03,217.1,207.01,214.36,28223.37,6045006.23
2020-05-17,ETHUSD,200.43,210,199.53,207.03,45535.22,9393790.17
2020-05-16,ETHUSD,194.57,203.39,193.08,200.43,25545.21,5101015.57
2020-05-15,ETHUSD,203.11,204.22,191.49,194.57,53363.89,10580544.53
2020-05-14,ETHUSD,199.8,206.32,195.75,203.11,69141.85,13952608.24
2020-05-13,ETHUSD,189.79,201.16,188.34,199.8,56116.3,10965225.45
2020-05-12,ETHUSD,186.18,192.59,185.9,189.79,48201.72,9156248.92
2020-05-11,ETHUSD,188.06,193.88,175.51,186.18,81205.55,15042394.57
2020-05-10,ETHUSD,210.21,210.21,180,188.06,122466.84,23270278.31
2020-05-09,ETHUSD,211.59,214.72,208.49,210.21,35735.39,7564728.07
2020-05-08,ETHUSD,212.56,216.85,207.22,211.59,44016.99,9330200.64
2020-05-07,ETHUSD,199.13,215.55,196.72,212.56,103978.29,21760085.88
2020-05-06,ETHUSD,205.62,212,198.16,199.13,57045.27,11780619.35
2020-05-05,ETHUSD,207.01,212.13,200.66,205.62,30469.49,6260916.9
2020-05-04,ETHUSD,210.2,210.75,195.01,207.01,54083.23,10990885.73
2020-05-03,ETHUSD,214.07,219.18,205.03,210.2,42008.79,8911405.56
2020-05-02,ETHUSD,212.02,215.49,210.38,214.07,17518.7,3733426.65
2020-05-01,ETHUSD,206.2,217.58,206.2,212.02,44824.0,9499428.05
2020-04-30,ETHUSD,215.67,227.73,201.66,206.2,103718.94,22316179.2
2020-04-29,ETHUSD,196.73,219.5,196.73,215.67,130958.7,27368626.27
2020-04-28,ETHUSD,196.9,198,192.48,196.73,31959.58,6262485.48
2020-04-27,ETHUSD,197.96,199.56,189.2,196.9,44891.71,8763093.18
2020-04-26,ETHUSD,194,200,192.51,197.96,51840.35,10177347.25
2020-04-25,ETHUSD,187.56,198.3,186,194,38526.02,7474466.31
2020-04-24,ETHUSD,185.67,190,184.76,187.56,41405.32,7776473.18
2020-04-23,ETHUSD,183.25,194.51,178.26,185.67,98909.08,18572414.17
2020-04-22,ETHUSD,171.07,184.3,170.01,183.25,45482.27,8151495.44
2020-04-21,ETHUSD,170.64,174.96,168.35,171.07,28178.3,4838130.8
2020-04-20,ETHUSD,180.2,186.63,166.8,170.64,94313.38,16505197.0
2020-04-19,ETHUSD,188.03,188.58,176.45,180.2,31718.64,5781095.04
2020-04-18,ETHUSD,171,189.73,170.71,188.03,54336.81,9864266.25
2020-04-17,ETHUSD,172.37,175.12,168.12,171,27438.69,4683976.17
2020-04-16,ETHUSD,152.96,175.17,148.19,172.37,93356.14,15484813.32
2020-04-15,ETHUSD,158.61,161.5,151.9,152.96,33567.88,5256249.74
2020-04-14,ETHUSD,157.03,162.26,155.32,158.61,26312.73,4180278.44
2020-04-13,ETHUSD,158.39,159.65,148.82,157.03,52489.39,8065898.02
2020-04-12,ETHUSD,158.65,165.48,155.24,158.39,35342.11,5712280.24
2020-04-11,ETHUSD,157.97,161.62,154.06,158.65,26233.73,4140298.41
2020-04-10,ETHUSD,170.07,170.35,152.18,157.97,69435.02,11040832.14
2020-04-09,ETHUSD,173.23,173.7,165.28,170.07,46460.11,7918450.91
2020-04-08,ETHUSD,164.55,174.75,163.67,173.23,52450.69,8929016.27
2020-04-07,ETHUSD,171.65,176.65,162.18,164.55,100869.8,17203122.91
2020-04-06,ETHUSD,143.03,172.26,142.79,171.65,103826.56,16428319.39
2020-04-05,ETHUSD,144.59,145.93,140.78,143.03,13210.43,1893857.83
2020-04-04,ETHUSD,141.4,146.72,139.04,144.59,19772.82,2830481.79
2020-04-03,ETHUSD,141.71,147.24,137.89,141.4,46495.4,6670801.35
2020-04-02,ETHUSD,135.98,150,135.42,141.71,59641.5,8419567.15
2020-04-01,ETHUSD,133.14,137.2,128.91,135.98,32940.7,4358794.36
2020-03-31,ETHUSD,132.36,135.79,130.5,133.14,23130.9,3078382.97
2020-03-30,ETHUSD,124.59,135.56,124.01,132.36,34805.26,4578555.68
2020-03-29,ETHUSD,131.35,132,123.27,124.59,44183.66,5576314.9
2020-03-28,ETHUSD,131.43,133.47,125.02,131.35,48311.99,6223879.9
2020-03-27,ETHUSD,138.97,142.45,128.94,131.43,50317.2,6866928.02
2020-03-26,ETHUSD,136.42,140.21,133.47,138.97,47945.34,6505414.32
2020-03-25,ETHUSD,139.12,142.86,132.05,136.42,63452.36,8708136.63
2020-03-24,ETHUSD,136.54,144.06,132.99,139.12,103407.74,14336324.51
2020-03-23,ETHUSD,122.47,138.19,119.04,136.54,71195.64,9214592.03
2020-03-22,ETHUSD,132.65,137.26,120.49,122.47,53577.57,6824379.18
2020-03-21,ETHUSD,133.5,137.61,126,132.65,71549.57,9379944.92
2020-03-20,ETHUSD,136.75,153.48,115.5,133.5,153435.27,21365892.47
2020-03-19,ETHUSD,118.63,144.87,115.78,136.75,127650.15,16536609.27
2020-03-18,ETHUSD,115.91,118.73,110.11,118.63,87672.93,10075324.5
2020-03-17,ETHUSD,111.04,121.33,109.68,115.91,69740.64,8200553.59
2020-03-16,ETHUSD,123.55,123.81,100.66,111.04,167022.61,18353638.27
2020-03-15,ETHUSD,122.43,133.78,120,123.55,128402.08,16024645.5
2020-03-14,ETHUSD,135.45,135.6,120.82,122.43,80715.62,10387074.01
2020-03-13,ETHUSD,109.42,148.33,88.2,135.45,397258.14,47071632.34
2020-03-12,ETHUSD,194.57,195.57,102.66,109.42,343137.4,49344660.7
2020-03-11,ETHUSD,200.39,203.13,181.72,194.57,81751.97,15782918.45
2020-03-10,ETHUSD,202.93,206.39,195.56,200.39,62621.31,12606869.63
2020-03-09,ETHUSD,199.38,208.62,189.64,202.93,111388.83,22244719.92
2020-03-08,ETHUSD,237.54,237.54,195.91,199.38,65388.05,14245382.99
2020-03-07,ETHUSD,245.52,252.82,235.64,237.54,27900.13,6793314.94
2020-03-06,ETHUSD,228.81,245.93,227.69,245.52,52598.14,12475286.98
2020-03-05,ETHUSD,224.49,234.43,224.49,228.81,60978.32,14027771.51
2020-03-04,ETHUSD,223.46,228.89,220.33,224.52,20732.33,4654528.74
2020-03-03,ETHUSD,231.97,233.03,219.9,223.46,48628.61,11024041.95
2020-03-02,ETHUSD,217.34,234.65,215.81,231.97,42712.83,9661315.07
2020-03-01,ETHUSD,217.63,227.76,211.89,217.34,32911.96,7199096.72
2020-02-29,ETHUSD,227.26,233.32,217.13,217.63,17738.51,4003142.8
2020-02-28,ETHUSD,227.23,234.84,213.36,227.26,38953.17,8749134.67
2020-02-27,ETHUSD,223.76,239,209.37,227.23,62606.47,14144962.09
2020-02-26,ETHUSD,246.58,249.91,215.13,223.76,96974.78,22382446.72
2020-02-25,ETHUSD,266.04,266.04,243.91,246.58,44103.22,11145338.92
2020-02-24,ETHUSD,275.66,278.22,256.55,266.04,26262.95,6993142.59
2020-02-23,ETHUSD,262.13,276.52,261.91,275.66,21398.18,5795710.24
2020-02-22,ETHUSD,265.71,267.43,255.16,262.13,15758.12,4112395.48
2020-02-21,ETHUSD,257.42,269,254.36,265.71,37646.27,9909328.85
2020-02-20,ETHUSD,258.57,263.81,245,257.42,43814.37,11146940.94
2020-02-19,ETHUSD,281.87,287,251.03,258.57,47682.26,13047404.99
2020-02-18,ETHUSD,268.3,286.77,258.72,281.87,55006.07,15149826.77
2020-02-17,ETHUSD,258.89,269.12,242.31,268.3,45087.21,11341613.74
2020-02-16,ETHUSD,264.67,273.98,236.32,258.89,40568.17,10467469.0
2020-02-15,ETHUSD,285.96,289.04,261.2,264.67,46519.02,12796909.11
2020-02-14,ETHUSD,268.94,287.81,259.67,285.96,49082.02,13468428.34
2020-02-13,ETHUSD,266.42,278.31,255.24,268.94,73512.33,19476994.49
2020-02-12,ETHUSD,237.95,275.85,237.95,266.42,70390.13,18194885.69
2020-02-11,ETHUSD,222.74,239.69,217.82,237.95,43291.61,9968465.68
2020-02-10,ETHUSD,228.42,229.84,213.37,222.74,31986.46,7097092.81
2020-02-09,ETHUSD,223.2,230.98,223.2,228.42,37340.04,8506469.24
2020-02-08,ETHUSD,223.43,228.03,213.56,223.2,22896.14,5117143.29
2020-02-07,ETHUSD,213.09,224.44,212.88,223.43,44944.27,9881553.37
2020-02-06,ETHUSD,203.54,216.39,200.47,213.09,38877.49,8140753.57
2020-02-05,ETHUSD,188.15,207.91,187.5,203.54,37437.3,7455949.87
2020-02-04,ETHUSD,189.66,191.47,181.93,188.15,24514.89,4575215.94
2020-02-03,ETHUSD,188.16,195,186.45,189.66,21746.65,4126088.04
2020-02-02,ETHUSD,183.51,193.13,179,188.16,24383.95,4599315.27
2020-02-01,ETHUSD,179.84,184.32,179,183.51,10707.06,1954138.85
2020-01-31,ETHUSD,184.3,185.15,174.77,179.84,31905.55,5727865.77
2020-01-30,ETHUSD,173.45,186.4,170.56,184.3,28016.34,5007035.44
2020-01-29,ETHUSD,175.8,178.3,173.2,173.45,12447.7,2196334.7
2020-01-28,ETHUSD,169.73,176.26,169.73,175.8,28602.3,4924607.21
2020-01-27,ETHUSD,167.65,171.84,164.77,169.73,19627.23,3315516.09
2020-01-26,ETHUSD,160.54,167.71,159.13,167.65,7709.41,1263978.88
2020-01-25,ETHUSD,162.15,162.32,157.55,160.54,3852.12,616161.21
2020-01-24,ETHUSD,162.51,164.24,155.12,162.15,50015.81,7995308.53
2020-01-23,ETHUSD,167.81,167.81,158.68,162.51,15319.59,2488706.29
2020-01-22,ETHUSD,169.35,171.03,165.64,167.81,14719.87,2472833.04
2020-01-21,ETHUSD,166.65,169.99,164.28,169.35,25536.59,4278217.7
2020-01-20,ETHUSD,166.72,169.23,160.9,166.65,25280.7,4175271.82
2020-01-19,ETHUSD,174.24,178,161.53,166.72,21710.24,3643459.73
2020-01-18,ETHUSD,169.62,179.26,164.78,174.24,23068.05,4003559.07
2020-01-17,ETHUSD,164.09,174.3,162.01,169.62,36387.65,6171714.3
2020-01-16,ETHUSD,166.26,167.28,158.35,164.09,32297.64,5238090.67
2020-01-15,ETHUSD,165.93,171.78,159.09,166.26,53765.38,8884630.61
2020-01-14,ETHUSD,143.51,170.86,143.51,165.93,76002.19,11943928.43
2020-01-13,ETHUSD,146.28,146.86,142.14,143.51,14097.82,2020082.48
2020-01-12,ETHUSD,142.63,146.55,141.83,146.28,4319.42,623306.29
2020-01-11,ETHUSD,144.73,148,142.01,142.63,9947.05,1436109.83
2020-01-10,ETHUSD,137.92,145.29,135.18,144.73,20791.11,2929528.62
2020-01-09,ETHUSD,140.48,141.19,135.4,137.92,23552.0,3260269.86
2020-01-08,ETHUSD,143,148,136.42,140.48,41734.21,5881880.08
2020-01-07,ETHUSD,144.37,145.2,138.87,143,17039.77,2433875.34
2020-01-06,ETHUSD,134.94,144.41,134.81,144.37,28594.18,4032349.08
2020-01-05,ETHUSD,133.85,138.23,133.85,134.94,6286.34,856024.29
2020-01-04,ETHUSD,133.89,135.69,132.3,133.85,8324.23,1110753.55
2020-01-03,ETHUSD,126.76,134.9,125.55,133.89,33830.22,4428329.72
2020-01-02,ETHUSD,130.27,130.31,125.67,126.76,14036.97,1805954.87
2020-01-01,ETHUSD,128.63,132.64,128.17,130.27,9263.16,1210406.89
2019-12-31,ETHUSD,131.05,133.28,127.65,128.63,14849.53,1930397.76
2019-12-30,ETHUSD,134.25,135.99,129.93,131.05,8088.67,1068855.84
2019-12-29,ETHUSD,127.73,137.72,127.32,134.25,13743.98,1826149.66
2019-12-28,ETHUSD,126.31,129.49,125.74,127.73,3245.51,414139.57
2019-12-27,ETHUSD,125.43,126.7,121.82,126.31,9552.74,1192925.76
2019-12-26,ETHUSD,124.97,132.03,124.09,125.43,15307.39,1947841.94
2019-12-25,ETHUSD,127.74,127.82,123.02,124.97,12517.8,1559656.13
2019-12-24,ETHUSD,128.11,129.69,126.63,127.74,7481.56,956739.47
2019-12-23,ETHUSD,132.28,135.16,126.1,128.11,20694.61,2722358.37
2019-12-22,ETHUSD,127.11,133.05,126.87,132.28,13919.89,1817430.58
2019-12-21,ETHUSD,128.28,128.44,126.62,127.11,6769.98,861986.97
2019-12-20,ETHUSD,128.15,129.35,125.72,128.28,18170.72,2311782.65
2019-12-19,ETHUSD,132.94,134.1,125.6,128.15,38878.66,4958836.96
2019-12-18,ETHUSD,121.78,134.81,116,132.94,55401.18,6910535.59
2019-12-17,ETHUSD,132.29,132.63,119.72,121.78,48569.29,6143874.08
2019-12-16,ETHUSD,142.33,142.53,128.94,132.29,48678.33,6567630.52
2019-12-15,ETHUSD,141.64,144,139.79,142.33,8823.41,1254826.68
2019-12-14,ETHUSD,144.59,145,141.02,141.64,5665.08,806112.91
2019-12-13,ETHUSD,144.74,145.12,142.74,144.59,15137.36,2181388.02
2019-12-12,ETHUSD,143.2,145.68,139.18,144.74,20091.22,2864899.4
2019-12-11,ETHUSD,145.64,146.31,141.93,143.2,7134.99,1029504.26
2019-12-10,ETHUSD,147.36,148.28,143.73,145.64,15409.28,2250446.35
2019-12-09,ETHUSD,150.62,151.58,146.61,147.36,13230.83,1972961.03
2019-12-08,ETHUSD,147.31,151.99,146.17,150.62,6733.52,1009404.68
2019-12-07,ETHUSD,148.49,149.94,147.13,147.31,4143.01,614212.07
2019-12-06,ETHUSD,147.99,149.79,145.78,148.49,15950.79,2358240.81
2019-12-05,ETHUSD,145.46,148.93,143.7,147.99,13770.93,2016213.48
2019-12-04,ETHUSD,147.38,152.57,143.11,145.46,23895.08,3528037.76
2019-12-03,ETHUSD,149.04,150.02,145.73,147.38,11106.47,1640256.28
2019-12-02,ETHUSD,151.13,151.58,146.88,149.04,7135.54,1059610.93
2019-12-01,ETHUSD,151.65,152.26,145.91,151.13,8959.62,1333786.98
2019-11-30,ETHUSD,154.6,155.36,149.79,151.65,9481.32,1441894.47
2019-11-29,ETHUSD,150.96,157.76,150.68,154.6,21941.82,3381823.02
2019-11-28,ETHUSD,152.64,154.84,149.35,150.96,19258.14,2923244.62
2019-11-27,ETHUSD,147.77,155.86,140.96,152.64,62566.97,9262285.82
2019-11-26,ETHUSD,145.94,150,143.6,147.77,22144.25,3243874.69
2019-11-25,ETHUSD,139.79,151.91,131.74,145.94,91709.02,12940833.0
2019-11-24,ETHUSD,152.34,153.07,138.62,139.79,15312.96,2226423.49
2019-11-23,ETHUSD,150.17,154.44,146.43,152.34,8416.43,1268367.48
2019-11-22,ETHUSD,160.9,162.68,137.71,150.17,91617.23,13797464.29
2019-11-21,ETHUSD,174.23,175.33,155.53,160.9,38041.25,6261085.52
2019-11-20,ETHUSD,175.65,177.3,173.24,174.23,9957.86,1744087.25
2019-11-19,ETHUSD,177.86,178.09,172.5,175.65,16181.78,2827570.01
2019-11-18,ETHUSD,183.85,184.12,174.15,177.86,12991.75,2331779.01
2019-11-17,ETHUSD,182.33,186.27,179.96,183.85,4373.68,802094.44
2019-11-16,ETHUSD,179.82,183.28,179.04,182.33,6070.15,1103675.83
2019-11-15,ETHUSD,184.45,187,177.11,179.82,21867.04,3965978.07
2019-11-14,ETHUSD,187.75,188.22,182.71,184.45,11650.32,2152558.93
2019-11-13,ETHUSD,186.73,189.45,185.08,187.75,9122.1,1708111.55
2019-11-12,ETHUSD,184.39,187.38,182.01,186.73,11199.62,2070911.77
2019-11-11,ETHUSD,188.99,190,183.47,184.39,11736.06,2181577.65
2019-11-10,ETHUSD,185.04,192,183.36,188.99,11190.88,2109871.58
2019-11-09,ETHUSD,183.88,185.73,182.24,185.04,5816.52,1070947.01
2019-11-08,ETHUSD,186.23,188.14,180.78,183.88,23209.96,4257563.76
2019-11-07,ETHUSD,191.14,191.87,184.32,186.23,10332.62,1936233.06
2019-11-06,ETHUSD,188.68,194.73,187.86,191.14,16394.05,3133709.79
2019-11-05,ETHUSD,186.31,192.64,182.48,188.68,25726.13,4842423.56
2019-11-04,ETHUSD,181.57,189.64,180.42,186.31,13152.37,2449287.5
2019-11-03,ETHUSD,182.72,184.97,179.11,181.57,4948.0,895967.01
2019-11-02,ETHUSD,183.42,186.24,181.95,182.72,5148.77,945147.17
2019-11-01,ETHUSD,182.69,184.88,177.25,183.42,19320.02,3501690.14
2019-10-31,ETHUSD,183.31,185.47,177.57,182.69,26791.83,4876641.44
2019-10-30,ETHUSD,190.95,192.15,180.08,183.31,28814.21,5318063.06
2019-10-29,ETHUSD,181.98,193.24,181.66,190.95,39975.47,7516302.98
2019-10-28,ETHUSD,184.34,189.91,180.8,181.98,30477.19,5606702.47
2019-10-27,ETHUSD,179.93,189.22,176.84,184.34,20108.67,3689282.86
2019-10-26,ETHUSD,181.51,198.97,173.62,179.93,61819.68,11561442.06
2019-10-25,ETHUSD,160.66,187.78,160.42,181.51,55616.45,9860756.17
2019-10-24,ETHUSD,162.49,164,158.85,160.66,30456.7,4899893.9
2019-10-23,ETHUSD,171.29,171.53,153.21,162.49,58624.3,9399731.66
2019-10-22,ETHUSD,174.24,175.5,170.47,171.29,12238.9,2123342.55
2019-10-21,ETHUSD,175.62,178.19,171.72,174.24,29318.87,5119804.04
2019-10-20,ETHUSD,172.08,176.8,169.23,175.62,13462.25,2321350.37
2019-10-19,ETHUSD,173.21,175.06,169.66,172.08,12433.58,2147849.15
2019-10-18,ETHUSD,177.51,177.51,168.34,173.21,28940.88,4988345.65
2019-10-17,ETHUSD,174.75,179.17,172.78,177.51,20128.54,3555016.14
2019-10-16,ETHUSD,180.67,181.2,171.39,174.75,23464.72,4132261.89
2019-10-15,ETHUSD,186.74,188.52,177.27,180.67,38920.98,7080556.55
2019-10-14,ETHUSD,181.18,187.89,180.67,186.74,18627.04,3433580.35
2019-10-13,ETHUSD,180.02,184.85,178.34,181.18,13778.97,2512237.64
2019-10-12,ETHUSD,180.84,184.87,177.23,180.02,14326.34,2601987.45
2019-10-11,ETHUSD,191.64,197.9,178.91,180.84,57502.9,10668886.91
2019-10-10,ETHUSD,193.18,194.81,187.3,191.64,20692.22,3955549.44
2019-10-09,ETHUSD,180.73,196,179.14,193.18,56852.89,10696782.92
2019-10-08,ETHUSD,180.23,185.3,176.88,180.73,22906.33,4144405.36
2019-10-07,ETHUSD,170.12,182.68,168.71,180.23,32314.81,5715385.86
2019-10-06,ETHUSD,176.63,177.18,167.08,170.12,23700.64,4080726.96
2019-10-05,ETHUSD,176.49,177.03,172,176.63,10735.53,1871810.04
2019-10-04,ETHUSD,175.02,179.51,170.9,176.49,23577.6,4144997.7
2019-10-03,ETHUSD,180.86,181.22,169.54,175.02,24580.61,4319619.45
2019-10-02,ETHUSD,176.2,181.9,174.27,180.86,22928.15,4069979.6
2019-10-01,ETHUSD,181.34,185.82,173.92,176.2,47029.28,8484202.75
2019-09-30,ETHUSD,169.42,181.8,165.2,181.34,55631.95,9653824.81
2019-09-29,ETHUSD,173.8,174.92,164.3,169.42,20815.47,3515914.74
2019-09-28,ETHUSD,173.79,175.88,168.5,173.8,25478.76,4419074.89
2019-09-27,ETHUSD,165.71,177.36,161.05,173.79,61713.5,10322569.63
2019-09-26,ETHUSD,169.97,171,152.26,165.71,77921.92,12698791.72
2019-09-25,ETHUSD,166.9,175.06,162.27,169.97,48531.67,8155792.76
2019-09-24,ETHUSD,201.04,202.73,152.71,166.9,176405.1,31088411.96
2019-09-23,ETHUSD,211.17,211.71,198.34,201.04,41939.03,8653985.57
2019-09-22,ETHUSD,214.77,215.32,206.06,211.17,32596.66,6859446.46
2019-09-21,ETHUSD,218.11,221.17,213.51,214.77,32587.23,7053969.61
2019-09-20,ETHUSD,220.78,222.01,211.55,218.11,33764.65,7336429.26
2019-09-19,ETHUSD,210.25,224.68,201.88,220.78,58435.33,12378438.39
2019-09-18,ETHUSD,207.83,217.42,207.83,210.25,45553.48,9706340.15
2019-09-17,ETHUSD,197.82,215.26,196.04,207.83,89452.01,18131442.8
2019-09-16,ETHUSD,189.54,199.54,188.4,197.82,48811.82,9495317.33
2019-09-15,ETHUSD,188.73,190.88,186.46,189.54,14365.35,2711689.24
2019-09-14,ETHUSD,181.3,189.21,180.17,188.73,14895.15,2737720.61
2019-09-13,ETHUSD,180.72,181.94,177.59,181.3,10565.87,1897665.78
2019-09-12,ETHUSD,178.33,182.7,176.45,180.72,8542.77,1528018.71
2019-09-11,ETHUSD,179.76,182.32,173.9,178.33,20571.1,3655122.28
2019-09-10,ETHUSD,180.57,184.59,176.38,179.76,12195.58,2199231.18
2019-09-09,ETHUSD,181.48,187.99,175.83,180.57,20240.85,3664120.47
2019-09-08,ETHUSD,178.3,184.48,176.36,181.48,18341.35,3321366.42
2019-09-07,ETHUSD,169.09,181.07,168.33,178.3,14787.78,2593865.02
2019-09-06,ETHUSD,174.62,178.65,165,169.09,23738.88,4107670.62
2019-09-05,ETHUSD,174.91,177.77,169.59,174.62,14054.54,2423901.72
2019-09-04,ETHUSD,178.91,180.28,173.35,174.91,19408.06,3439144.31
2019-09-03,ETHUSD,178.75,183.06,174.03,178.91,21869.68,3916654.25
2019-09-02,ETHUSD,171.27,181.93,170.45,178.75,14905.81,2625781.53
2019-09-01,ETHUSD,171.87,173.75,167.65,171.27,6806.08,1162162.7
2019-08-31,ETHUSD,168.33,174.83,165.9,171.87,6378.06,1078657.62
2019-08-30,ETHUSD,168.92,170.35,165.51,168.33,11519.66,1940777.79
2019-08-29,ETHUSD,172.83,173.76,163.62,168.92,35128.41,5915249.14
2019-08-28,ETHUSD,187.45,187.97,165.84,172.83,41961.67,7380282.6
2019-08-27,ETHUSD,188.38,188.95,184.5,187.45,16961.72,3165982.88
2019-08-26,ETHUSD,186.45,194.66,185.66,188.38,22285.75,4232514.86
2019-08-25,ETHUSD,191.06,192.63,182.98,186.45,12263.42,2289230.65
2019-08-24,ETHUSD,194.51,194.51,185.89,191.06,9114.07,1729636.67
2019-08-23,ETHUSD,190.81,197.6,188.72,194.51,39229.16,7556815.22
2019-08-22,ETHUSD,187.17,195.07,182.56,190.81,32391.36,6126122.45
2019-08-21,ETHUSD,196.41,197.03,180,187.17,30050.27,5624744.53
2019-08-20,ETHUSD,202.4,202.87,194.45,196.41,21897.3,4340328.64
2019-08-19,ETHUSD,194.72,203.68,192.85,202.4,41032.49,8176253.08
2019-08-18,ETHUSD,185.51,198,183.27,194.72,26562.94,5090700.28
2019-08-17,ETHUSD,185.27,186.83,182,185.51,19830.26,3657241.29
2019-08-16,ETHUSD,188.31,188.31,178,185.27,38098.93,6985711.84
2019-08-15,ETHUSD,186.12,189.91,173.35,188.31,88892.53,16248050.47
2019-08-14,ETHUSD,208.49,209.17,181.5,186.12,59453.51,11656904.14
2019-08-13,ETHUSD,211.18,211.27,202.86,208.49,30559.2,6345701.91
2019-08-12,ETHUSD,216.02,216.38,209.27,211.18,14895.15,3157702.94
2019-08-11,ETHUSD,206.46,216.54,205.73,216.02,24013.33,5106614.95
2019-08-10,ETHUSD,210.59,214.82,198.23,206.46,15711.93,3235656.52
2019-08-09,ETHUSD,220.97,221.3,206.68,210.59,42137.28,9006300.08
2019-08-08,ETHUSD,226,226.51,214.7,220.97,70187.46,15527426.83
2019-08-07,ETHUSD,225.92,231.17,220.24,226,39146.0,8827267.19
2019-08-06,ETHUSD,232.92,239.62,222.35,225.92,57300.43,13192105.35
2019-08-05,ETHUSD,223,237.29,223,232.92,32110.43,7438641.46
2019-08-04,ETHUSD,222.03,223.76,217.42,223,7621.87,1683876.62
2019-08-03,ETHUSD,217.62,224.8,216.58,222.03,13214.2,2933373.0
2019-08-02,ETHUSD,217.72,222.98,214.74,217.62,21577.24,4723153.23
2019-08-01,ETHUSD,218.68,219.43,210.98,217.72,21094.48,4516885.53
2019-07-31,ETHUSD,209.81,218.9,209.65,218.68,23170.6,4976507.35
2019-07-30,ETHUSD,210.81,214.89,204.08,209.81,14993.07,3144499.28
2019-07-29,ETHUSD,211.14,215.49,205.51,210.81,19892.38,4178814.13
2019-07-28,ETHUSD,206.88,213.34,197.81,211.14,22667.4,4660507.42
2019-07-27,ETHUSD,219.21,223.74,202.01,206.88,35797.79,7517504.5
2019-07-26,ETHUSD,219.17,220.87,212.51,219.21,21607.76,4685417.91
2019-07-25,ETHUSD,216.57,226,215.51,219.17,21710.11,4804951.78
2019-07-24,ETHUSD,211.96,218.22,200.59,216.57,56495.53,11787949.15
2019-07-23,ETHUSD,217.13,219.23,208.5,211.96,29596.27,6310503.6
2019-07-22,ETHUSD,225.28,228.3,211.34,217.13,42402.27,9298241.15
2019-07-21,ETHUSD,228.66,229.78,217.24,225.28,18006.46,4015229.28
2019-07-20,ETHUSD,221.34,236.52,220.35,228.66,30788.9,7027170.24
2019-07-19,ETHUSD,226.03,226.66,213.15,221.34,37729.77,8290090.97
2019-07-18,ETHUSD,211.47,230.01,206.32,226.03,54700.27,11988414.05
2019-07-17,ETHUSD,198.44,220,192.01,211.47,77380.78,15932975.99
2019-07-16,ETHUSD,228.65,234.68,190.41,198.44,110190.15,23071170.63
2019-07-15,ETHUSD,225.89,235.76,202.27,228.65,91567.68,20399876.72
2019-07-14,ETHUSD,269.06,269.84,191.91,225.89,102720.86,24410537.1
2019-07-13,ETHUSD,275.66,275.9,261.97,269.06,27792.39,7483559.54
2019-07-12,ETHUSD,269.01,279.67,265.91,275.66,39207.45,10714395.29
2019-07-11,ETHUSD,288.73,288.73,262.02,269.01,65312.69,17740774.36
2019-07-10,ETHUSD,307.6,314.98,280.19,288.73,82527.78,24487226.52
2019-07-09,ETHUSD,313.21,318.7,302.95,307.6,66019.51,20579851.95
2019-07-08,ETHUSD,306.59,315,302.38,313.21,43924.56,13575889.34
2019-07-07,ETHUSD,287.65,310.7,284.01,306.59,41312.63,12360384.3
2019-07-06,ETHUSD,287.95,298.16,285.05,287.65,23747.76,6927496.6
2019-07-05,ETHUSD,282.77,295.17,280,287.95,48468.59,13959641.62
2019-07-04,ETHUSD,301.98,304,280.28,282.77,33386.22,9788691.38
2019-07-03,ETHUSD,291.36,303.5,289.46,301.98,48445.04,14294776.05
2019-07-02,ETHUSD,293.81,296.09,271.03,291.36,74716.32,21008670.61
2019-07-01,ETHUSD,289.95,301.28,261.38,293.81,70308.88,20054043.93
2019-06-30,ETHUSD,318,323,285.77,289.95,54442.23,16440788.42
2019-06-29,ETHUSD,309.87,323.8,291.12,318,52952.31,16129808.88
2019-06-28,ETHUSD,293.57,312.77,288,309.87,65975.0,19894123.02
2019-06-27,ETHUSD,334.78,343.44,274.23,293.57,163007.01,49829230.77
2019-06-26,ETHUSD,316.88,363.18,310,334.78,160023.06,53972881.28
2019-06-25,ETHUSD,310.98,317.55,305.81,316.88,30194.94,9419408.97
2019-06-24,ETHUSD,306.39,313.42,295.38,310.98,40545.92,12421813.29
2019-06-23,ETHUSD,308.32,318.28,303.59,306.39,35865.57,11139479.42
2019-06-22,ETHUSD,295.93,315.4,293.39,308.32,75170.34,22946760.5
2019-06-21,ETHUSD,272.01,297.1,272.01,295.93,76545.37,21974969.4
2019-06-20,ETHUSD,269,274.55,266.38,272.01,24265.84,6545244.46
2019-06-19,ETHUSD,264.24,270.35,263.41,269,35116.84,9378984.44
2019-06-18,ETHUSD,273.94,274.03,260.58,264.24,66608.96,17753776.49
2019-06-17,ETHUSD,268.19,275.83,267.65,273.94,48516.0,13206038.98
2019-06-16,ETHUSD,269.29,279.2,263.2,268.19,54620.71,14799165.05
2019-06-15,ETHUSD,263.71,273.64,261.71,269.29,41924.19,11164052.89
2019-06-14,ETHUSD,255.14,266.29,252.33,263.71,32537.85,8376996.73
2019-06-13,ETHUSD,262.54,264.5,254.18,255.14,45756.74,11871659.15
2019-06-12,ETHUSD,245.25,263.68,243,262.54,55099.5,13981592.47
2019-06-11,ETHUSD,247.81,249.53,236.91,245.25,34471.81,8380635.36
2019-06-10,ETHUSD,231.73,248.72,227.47,247.81,45937.8,11046068.12
2019-06-09,ETHUSD,244.43,245.71,223,231.73,41047.32,9612597.03
2019-06-08,ETHUSD,249.35,250.96,241.57,244.43,13387.46,3296334.67
2019-06-07,ETHUSD,249.46,254.57,244.92,249.35,37523.34,9343833.98
2019-06-06,ETHUSD,246.18,251.22,235.33,249.46,35865.44,8729638.17
2019-06-05,ETHUSD,240.66,249.3,237.66,246.18,36220.0,8829637.67
2019-06-04,ETHUSD,249.5,250.99,232.2,240.66,84454.03,20509984.03
2019-06-03,ETHUSD,269.42,270.36,247.11,249.5,58285.48,15087618.11
2019-06-02,ETHUSD,264.56,274.7,264.04,269.42,29984.16,8083982.85
2019-06-01,ETHUSD,267.07,274.86,260.88,264.56,33251.56,8887031.97
2019-05-31,ETHUSD,254.37,268.86,245.07,267.07,76425.4,19612910.93
2019-05-30,ETHUSD,269.29,289.04,239.33,254.37,115975.6,31345359.67
2019-05-29,ETHUSD,271,274.47,256.56,269.29,42713.26,11475270.25
2019-05-28,ETHUSD,271.79,276.51,265.37,271,42169.42,11393998.07
2019-05-27,ETHUSD,268.21,279.98,264.75,271.79,78270.56,21088299.05
2019-05-26,ETHUSD,251.95,272.9,245.98,268.21,51946.76,13477189.9
2019-05-25,ETHUSD,249.65,259.01,248.34,251.95,32954.58,8345272.61
2019-05-24,ETHUSD,245.79,256.33,242.44,249.65,62644.72,15741382.14
2019-05-23,ETHUSD,243.64,248.48,231.2,245.79,70346.85,16890147.91
2019-05-22,ETHUSD,254.77,261.41,239.59,243.64,90073.84,22613194.16
2019-05-21,ETHUSD,252.38,264.56,247.67,254.77,79133.77,20193720.73
2019-05-20,ETHUSD,261.34,261.34,238.88,252.38,82902.07,20683071.37
2019-05-19,ETHUSD,234.03,264.76,232.58,261.34,94555.01,24044292.71
2019-05-18,ETHUSD,244.09,248.33,231.2,234.03,43368.92,10383143.82
2019-05-17,ETHUSD,264.51,269.55,214,244.09,201085.32,47938847.91
2019-05-16,ETHUSD,248.79,281,242,264.51,271581.7,70915018.68
2019-05-15,ETHUSD,217.5,250.8,217.29,248.79,169027.32,39499778.73
2019-05-14,ETHUSD,196.47,220.99,194.99,217.5,158567.56,33091451.83
2019-05-13,ETHUSD,188.26,208.9,185.64,196.47,134219.12,26476647.85
2019-05-12,ETHUSD,192,204.19,182.64,188.26,142728.78,27431147.86
2019-05-11,ETHUSD,172.3,207,172.04,192,175770.86,33433828.92
2019-05-10,ETHUSD,170.18,176.12,167.41,172.3,79481.1,13707986.68
2019-05-09,ETHUSD,169.61,173.5,165.23,170.18,48059.87,8103570.87
2019-05-08,ETHUSD,166.15,172.01,162.25,169.61,65393.86,10954974.38
2019-05-07,ETHUSD,171.21,180.74,171.21,176.14,41276.8,7305822.24
2019-05-06,ETHUSD,161.35,175.98,157.63,171.21,85969.26,14353670.36
2019-05-05,ETHUSD,161.95,163.58,155.47,161.35,25386.68,4080905.14
2019-05-04,ETHUSD,164.82,169,157.75,161.95,57801.25,9367572.93
2019-05-03,ETHUSD,158.52,169,157.7,164.82,69970.42,11500811.43
2019-05-02,ETHUSD,158.3,160.78,155.2,158.52,23265.08,3679180.82
2019-05-01,ETHUSD,160.06,162.82,156.52,158.3,31495.31,5002990.17
2019-04-30,ETHUSD,152.42,161.17,152.42,160.06,39828.78,6236635.87
2019-04-29,ETHUSD,153.13,154.6,148.1,152.42,33614.9,5107726.45
2019-04-28,ETHUSD,155.68,156.49,152.33,153.13,27662.24,4282879.75
2019-04-27,ETHUSD,153.1,158.55,152.5,155.68,29264.72,4524251.05
2019-04-26,ETHUSD,152,155.78,148.6,153.1,64658.7,9819318.31
2019-04-25,ETHUSD,165.74,166.33,146.17,152,82295.77,13083939.9
2019-04-24,ETHUSD,170.3,171.07,160.28,165.74,70627.45,11684067.15
2019-04-23,ETHUSD,171.47,177.07,168.7,170.3,69287.71,12021725.6
2019-04-22,ETHUSD,169.87,174,168.32,171.47,37737.23,6444593.71
2019-04-21,ETHUSD,173.5,174.29,166.13,169.87,26715.76,4532270.85
2019-04-20,ETHUSD,173.66,177.92,170.75,173.5,18828.9,3272994.33
2019-04-19,ETHUSD,174.17,174.33,169.09,173.66,30458.13,5248303.81
2019-04-18,ETHUSD,166.74,176.37,166.08,174.17,53731.45,9278280.63
2019-04-17,ETHUSD,166.52,168.67,164.44,166.74,37151.44,6174999.45
2019-04-16,ETHUSD,159.91,168.08,159.47,166.52,38535.23,6309870.45
2019-04-15,ETHUSD,168,169.57,156.02,159.91,56905.79,9311206.22
2019-04-14,ETHUSD,163.65,169.36,161.5,168,25243.02,4160848.98
2019-04-13,ETHUSD,164.11,166.1,161.85,163.65,18114.24,2969670.92
2019-04-12,ETHUSD,164.96,167.57,159.17,164.11,56210.43,9238542.32
2019-04-11,ETHUSD,177.7,178,160.33,164.96,67341.23,11271219.25
2019-04-10,ETHUSD,175.59,185.71,167,177.7,80893.41,14500408.86
2019-04-09,ETHUSD,180.72,180.84,174.19,175.59,65106.72,11529142.45
2019-04-08,ETHUSD,174.9,187.26,173.66,180.72,91552.87,16543431.49
2019-04-07,ETHUSD,166,176.57,164.11,174.9,41923.93,7139796.88
2019-04-06,ETHUSD,166.06,173.06,160,166,41866.95,6960531.89
2019-04-05,ETHUSD,157.72,168.64,156.2,166.06,54449.38,8913519.58
2019-04-04,ETHUSD,160.89,164.97,152.95,157.72,111326.82,17717661.43
2019-04-03,ETHUSD,164.58,180.03,152.42,160.89,196372.07,33099482.52
2019-04-02,ETHUSD,141,168.72,140.7,164.58,179781.78,27923898.3
2019-04-01,ETHUSD,141.02,142.95,138.27,141,39721.88,5619378.34
2019-03-19,ETHUSD,136.86,138.75,136.69,137.68,3871.47,534435.85
2019-03-18,ETHUSD,138.15,141.34,135.42,136.86,39466.65,5425351.21
2019-03-17,ETHUSD,140.38,140.38,135.55,138.15,24602.44,3397729.88
2019-03-16,ETHUSD,135.77,143.85,135.77,140.38,41397.06,5813919.71
2019-03-15,ETHUSD,131.3,136.93,131.3,135.77,41508.31,5570384.52
2019-03-14,ETHUSD,131.16,135.08,128.66,131.3,26840.14,3527919.76
2019-03-13,ETHUSD,132.67,132.76,130.12,131.16,13036.65,1711002.22
2019-03-12,ETHUSD,131.94,134.37,127.35,132.67,35175.21,4636975.4
2019-03-11,ETHUSD,134.59,135.43,130.46,131.94,45090.04,5970837.14
2019-03-10,ETHUSD,136.33,136.83,133.31,134.59,17958.35,2420897.72
2019-03-09,ETHUSD,132.8,138.2,132.03,136.33,31318.53,4261290.4
2019-03-08,ETHUSD,136.1,138.59,128.85,132.8,48099.69,6485208.19
2019-03-07,ETHUSD,137.04,139.8,134.65,136.1,49710.29,6802952.48
2019-03-06,ETHUSD,136.18,140.13,133.25,137.04,39998.93,5464628.38
2019-03-05,ETHUSD,125.16,137.64,124.75,136.18,62120.3,8235874.2
2019-03-04,ETHUSD,129.63,130.36,122.52,125.16,55433.28,6982620.43
2019-03-03,ETHUSD,132.19,134.42,127.34,129.63,25772.18,3393731.79
2019-03-02,ETHUSD,134.83,135.48,129.55,132.19,38225.98,5046582.86
2019-03-01,ETHUSD,134.34,137.6,133.77,134.83,35448.66,4798074.59
2019-02-28,ETHUSD,134.06,139.05,131.65,134.34,70901.88,9608610.44
2019-02-27,ETHUSD,135.9,139.83,125.66,134.06,82251.52,10992970.98
2019-02-26,ETHUSD,137.63,138.07,132.05,135.9,54544.72,7394362.93
2019-02-25,ETHUSD,131.84,141.98,131.42,137.63,82953.04,11372356.62
2019-02-24,ETHUSD,157.42,165.76,131.4,131.84,147378.26,21635513.07
2019-02-23,ETHUSD,146.4,160,144.8,157.42,96848.66,14841895.1
2019-02-22,ETHUSD,144.3,147.52,142.11,146.4,86017.14,12527296.7
2019-02-21,ETHUSD,147.03,149.5,141.61,144.3,56775.01,8213401.87
2019-02-20,ETHUSD,142.62,148.62,139.01,147.03,74898.78,10794520.11
2019-02-19,ETHUSD,144.52,149.21,141.5,142.62,89246.37,13021500.15
2019-02-18,ETHUSD,132.28,147.91,131,144.52,149249.33,20963651.49
2019-02-17,ETHUSD,121.68,134.38,121.3,132.28,67865.06,8609252.79
2019-02-16,ETHUSD,120.45,123.71,120.4,121.68,20838.98,2538865.36
2019-02-15,ETHUSD,119.28,123.4,119,120.45,54459.26,6572877.58
2019-02-14,ETHUSD,120.61,123.34,118.89,119.28,47805.06,5772118.03
2019-02-13,ETHUSD,120.93,125.12,119.5,120.61,52674.91,6396674.41
2019-02-12,ETHUSD,119.43,122.3,117,120.93,45614.76,5466468.59
2019-02-11,ETHUSD,123.94,124.04,118.11,119.43,70682.85,8471414.91
2019-02-10,ETHUSD,117.92,125.1,114.83,123.94,38027.62,4496265.99
2019-02-09,ETHUSD,118.19,119.97,116.54,117.92,28790.32,3396967.62
2019-02-08,ETHUSD,103.3,121.67,102.38,118.19,86340.01,9635386.67
2019-02-07,ETHUSD,103.32,104.88,102.6,103.3,31884.28,3305768.13
2019-02-06,ETHUSD,106,106.42,100,103.32,63445.23,6481035.5
2019-02-05,ETHUSD,105.95,106.6,105.14,106,20729.95,2195189.22
2019-02-04,ETHUSD,105.91,107.91,105.3,105.95,36049.24,3830928.74
2019-02-03,ETHUSD,109.24,110.02,104.44,105.91,30157.93,3227918.94
2019-02-02,ETHUSD,106.03,110,105.04,109.24,21713.95,2324895.72
2019-02-01,ETHUSD,105.81,107.62,103,106.03,56576.17,5937197.66
2019-01-31,ETHUSD,107.6,110.07,104.78,105.81,19518.1,2086883.0
2019-01-30,ETHUSD,104.1,109.4,102.89,107.6,35999.18,3843973.56
2019-01-29,ETHUSD,105.47,105.95,102.1,104.1,43953.14,4578095.29
2019-01-28,ETHUSD,111.33,112.14,100.9,105.47,69204.93,7272386.81
2019-01-27,ETHUSD,114.95,115.8,110.32,111.33,17330.9,1960508.11
2019-01-26,ETHUSD,114.79,117.64,114.57,114.95,9891.86,1143403.31
2019-01-25,ETHUSD,116.5,117.12,114.12,114.79,34789.74,4022263.42
2019-01-24,ETHUSD,116.56,117.17,113.5,116.5,37460.29,4326693.39
2019-01-23,ETHUSD,118,118.96,114.91,116.56,34623.85,4059783.63
2019-01-22,ETHUSD,115.86,119.98,111.01,118,50330.73,5844691.3
2019-01-21,ETHUSD,117.48,118.24,113.44,115.86,31173.0,3628024.75
2019-01-20,ETHUSD,123.09,123.89,115.49,117.48,31264.35,3727909.26
2019-01-19,ETHUSD,119.35,127,118.7,123.09,34191.2,4227370.82
2019-01-18,ETHUSD,122.52,122.73,118.22,119.35,30260.24,3653629.77
2019-01-17,ETHUSD,122.14,123.9,116.97,122.52,53843.63,6513276.8
2019-01-16,ETHUSD,120.04,127.77,119.29,122.14,43625.55,5331521.85
2019-01-15,ETHUSD,128.33,130.59,116.68,120.04,63432.03,7947280.56
2019-01-14,ETHUSD,115.25,131.47,115.24,128.33,58206.75,7196542.14
2019-01-13,ETHUSD,124.56,125.52,113.46,115.25,33514.37,3968636.4
2019-01-12,ETHUSD,125.93,127.37,123.37,124.56,15433.27,1938365.15
2019-01-11,ETHUSD,126.45,128.74,121.52,125.93,61032.04,7671457.98
2019-01-10,ETHUSD,149.56,151.1,122.21,126.45,111302.28,14677611.21
2019-01-09,ETHUSD,149.01,153,147.7,149.56,36745.16,5523618.23
2019-01-08,ETHUSD,150.66,153,146.55,149.01,41159.88,6160431.94
2019-01-07,ETHUSD,156,157.24,148.53,150.66,31949.93,4887257.94
2019-01-06,ETHUSD,153.85,159.66,148.47,156,46616.8,7166974.59
2019-01-05,ETHUSD,152.98,160.95,152.31,153.85,44910.48,7046576.74
2019-01-04,ETHUSD,147.02,156.48,145.02,152.98,62279.3,9392620.82
2019-01-03,ETHUSD,153.35,154.73,144.09,147.02,36630.17,5440336.56
2019-01-02,ETHUSD,139.75,156.8,138.54,153.35,48537.96,7177194.13
2019-01-01,ETHUSD,130.67,141.25,129.5,139.75,28500.87,3878124.34
2018-12-31,ETHUSD,138.56,139.01,128.42,130.67,34827.16,4673530.19
2018-12-30,ETHUSD,134.02,140.35,128.65,138.56,45952.5,6211084.38
2018-12-29,ETHUSD,136.94,150.04,121.7,134.02,67314.52,9242532.53
2018-12-28,ETHUSD,114.6,138.82,113.14,136.94,91051.99,11600312.05
2018-12-27,ETHUSD,130.53,131.77,112.3,114.6,69777.0,8448198.39
2018-12-26,ETHUSD,128.81,136.76,123.28,130.53,67426.99,8761405.48
2018-12-25,ETHUSD,139,140.01,120.62,128.81,104262.02,13321742.94
2018-12-24,ETHUSD,129.73,159.11,129.41,139,158798.86,23035958.03
2018-12-23,ETHUSD,115.6,133,115.6,129.73,71583.28,9092148.04
2018-12-22,ETHUSD,107.71,116.39,105.46,115.6,28444.97,3163394.04
2018-12-21,ETHUSD,114.54,118.94,105.05,107.71,84037.83,9465598.52
2018-12-20,ETHUSD,99.27,117,98,114.54,151025.62,16536573.0
2018-12-19,ETHUSD,100.89,108.13,98.25,99.27,146412.01,15139980.65
2018-12-18,ETHUSD,93.98,101.59,91.49,100.89,68453.86,6483436.45
2018-12-17,ETHUSD,83.76,96.78,83.5,93.98,87185.89,7820357.74
2018-12-16,ETHUSD,83.08,86.65,82.94,83.76,20838.34,1776305.06
2018-12-15,ETHUSD,82.91,84.15,80.99,83.08,18287.27,1511809.9
2018-12-14,ETHUSD,85.31,85.91,80.9,82.91,74615.34,6244096.09
2018-12-13,ETHUSD,89.09,90.24,83.7,85.31,51053.08,4456171.82
2018-12-12,ETHUSD,86.9,91.01,86,89.09,41368.2,3677003.52
2018-12-11,ETHUSD,89.27,91.02,85,87.31,49907.48,4370236.25
2018-12-10,ETHUSD,92.63,94.6,87.32,89.27,53990.16,4860115.68
2018-12-09,ETHUSD,90.07,98.41,88.09,92.63,73663.44,6818981.68
2018-12-08,ETHUSD,92.5,97.51,83.7,90.07,105438.37,9487885.38
2018-12-07,ETHUSD,89.16,109.43,81.19,92.5,237675.43,20804425.36
2018-12-06,ETHUSD,100.67,103.01,88.86,89.16,137644.28,13474890.4
2018-12-05,ETHUSD,108.8,109.12,100.21,100.67,97484.85,10168979.03
2018-12-04,ETHUSD,107.28,112.18,104.16,108.8,37740.21,4109004.34
2018-12-03,ETHUSD,114.91,115.65,104.36,107.28,56880.04,6216848.02
2018-12-02,ETHUSD,116.8,119.35,113.95,114.91,29589.07,3429422.36
2018-12-01,ETHUSD,111.9,119.74,109.99,116.8,35465.73,4071998.6
2018-11-30,ETHUSD,116.46,119.08,108.83,111.9,58500.83,6625678.56
2018-11-29,ETHUSD,121.81,123.21,113.05,116.46,76052.18,8993146.89
2018-11-28,ETHUSD,108.47,125.57,108.47,121.81,130815.99,15186828.78
2018-11-27,ETHUSD,106.82,111.22,99,108.47,93266.16,9760143.8
2018-11-26,ETHUSD,113.59,117.59,102.69,106.82,128626.55,14157061.48
2018-11-25,ETHUSD,110.26,119.06,98.11,113.59,153776.01,16620110.84
2018-11-24,ETHUSD,121.33,125.99,106.81,110.26,65552.52,7575895.02
2018-11-23,ETHUSD,123.4,125.14,116.18,121.33,103946.28,12549526.12
2018-11-22,ETHUSD,134.44,136.6,122.42,123.4,49385.81,6435129.94
2018-11-21,ETHUSD,127.36,137.46,122.37,134.44,132529.03,17389370.72
2018-11-20,ETHUSD,145.31,149.35,121.61,127.36,213254.04,28436168.07
2018-11-19,ETHUSD,175.99,175.99,142.27,145.31,167446.47,26060046.53
2018-11-18,ETHUSD,172.4,179.95,172.15,175.99,19080.46,3341732.12
2018-11-17,ETHUSD,172.11,176,170.45,172.4,14302.71,2462724.98
2018-11-16,ETHUSD,178.6,179.41,169.25,172.11,41057.33,7211517.73
2018-11-15,ETHUSD,178.04,181,165.14,178.6,87090.27,15159151.05
2018-11-14,ETHUSD,203.43,204.83,165.01,178.04,141671.87,25728416.63
2018-11-13,ETHUSD,208.83,208.83,202.71,203.43,18466.66,3796109.67
2018-11-12,ETHUSD,210.03,211.25,206.92,208.83,8445.99,1769090.32
2018-11-11,ETHUSD,210.38,211.2,206.11,210.03,5726.09,1195444.94
2018-11-10,ETHUSD,208.05,212.5,207.6,210.38,9033.53,1902409.24
2018-11-09,ETHUSD,210.14,212.27,206.01,208.05,13251.9,2772477.73
2018-11-08,ETHUSD,216.6,218.15,209.27,210.14,22796.36,4857072.7
2018-11-07,ETHUSD,218.24,222.98,215.29,216.6,31083.65,6808822.93
2018-11-06,ETHUSD,208.81,219.07,206.96,218.24,36929.14,7877168.74
2018-11-05,ETHUSD,210.28,212,205.04,208.81,18906.64,3939148.84
2018-11-04,ETHUSD,198.78,217.21,197.61,210.28,27729.64,5789360.48
2018-11-03,ETHUSD,199.9,200.2,197.95,198.78,5369.46,1067120.69
2018-11-02,ETHUSD,197.73,201.49,197.46,199.9,9539.34,1899876.84
2018-11-01,ETHUSD,196.68,198.56,195.96,197.73,7295.7,1435281.07
2018-10-31,ETHUSD,195.3,199.16,191.65,196.68,14454.24,2821187.17
2018-10-30,ETHUSD,194.14,196.69,192.96,195.3,11520.63,2239544.76
2018-10-29,ETHUSD,202.44,202.77,191.37,194.14,20088.4,3948123.8
2018-10-28,ETHUSD,201.26,203.16,200.8,202.44,6449.18,1301562.28
2018-10-27,ETHUSD,200.69,201.97,199.92,201.26,6425.65,1291298.59
2018-10-26,ETHUSD,199.66,204.27,198.54,200.69,18949.9,3807455.88
2018-10-25,ETHUSD,200.67,200.89,197.88,199.66,11922.85,2378708.36
2018-10-24,ETHUSD,200.96,202.84,200,200.67,15650.84,3152241.52
2018-10-23,ETHUSD,201.23,202.1,197.65,200.96,20103.28,4024804.89
2018-10-22,ETHUSD,202.19,203.24,199.33,201.23,11504.27,2319051.57
2018-10-21,ETHUSD,202.59,206.21,201.08,202.19,27494.39,5617387.42
2018-10-20,ETHUSD,200.08,206,198.84,202.59,18269.03,3701056.05
2018-10-19,ETHUSD,199.29,202.1,197.27,200.08,26749.5,5344344.66
2018-10-18,ETHUSD,203.41,205.95,196.63,199.29,38882.43,7856164.25
2018-10-17,ETHUSD,205.69,206.4,200.99,203.41,29120.25,5943379.9
2018-10-16,ETHUSD,204.86,204.86,202.71,203.57,351.21,71487.73
2018-10-15,ETHUSD,192.01,219.75,189.71,204.86,103720.6,21170412.65
2018-10-14,ETHUSD,196.79,199.5,187.45,192.01,13545.9,2643907.03
2018-10-13,ETHUSD,194.67,199.27,193,196.79,13570.9,2673932.67
2018-10-12,ETHUSD,188.42,197.89,186.89,194.67,22858.63,4427634.46
2018-10-11,ETHUSD,223.38,223.39,185,188.42,71605.68,14355465.32
2018-10-10,ETHUSD,226.3,226.47,221.11,223.38,13550.03,3024431.58
2018-10-09,ETHUSD,227.79,228.8,224.84,226.3,13511.68,3059606.06
2018-10-08,ETHUSD,224.34,230.98,222.2,227.79,25183.75,5718144.7
2018-10-07,ETHUSD,223.06,225.98,220.1,224.34,11745.44,2615518.47
2018-10-06,ETHUSD,226.73,227.19,222,223.06,9560.63,2140057.13
2018-10-05,ETHUSD,221.07,230.29,218.28,226.73,14379.43,3205683.0
2018-10-04,ETHUSD,218.96,225,218.12,221.07,18385.69,4093117.44
2018-10-03,ETHUSD,224.83,225.22,210.5,218.96,38697.23,8425923.0
2018-10-02,ETHUSD,229.66,230.74,221.39,224.83,14497.18,3278403.54
2018-10-01,ETHUSD,231.96,234.58,218,229.66,13722.65,3140788.73
2018-09-30,ETHUSD,230.56,238.47,224,231.96,16082.95,3723681.92
2018-09-29,ETHUSD,220.94,236.98,212.54,230.56,32806.05,7400428.2
2018-09-28,ETHUSD,228.58,233.65,214.32,220.94,40540.78,9110737.6
2018-09-27,ETHUSD,214.42,234,210,228.58,46089.96,10193571.57
2018-09-26,ETHUSD,218.85,223,207.21,214.42,29637.42,6381531.29
2018-09-25,ETHUSD,228.05,228.05,203.25,218.85,43699.63,9326270.49
2018-09-24,ETHUSD,244.14,245.76,224.5,228.05,22921.36,5365375.55
2018-09-23,ETHUSD,239.93,249.44,237,244.14,19335.63,4684844.14
2018-09-22,ETHUSD,247.64,255.89,232.6,239.93,31193.61,7489333.75
2018-09-21,ETHUSD,224.3,252.14,220.64,247.64,74459.86,17379203.29
2018-09-20,ETHUSD,209.48,227.68,206.8,224.3,36283.33,7783867.16
2018-09-19,ETHUSD,208.53,214.7,196.66,209.48,49875.25,10352434.05
2018-09-18,ETHUSD,196.16,214.39,194,208.53,35938.82,7361930.15
2018-09-17,ETHUSD,220.08,225,192,196.16,50924.54,10670230.06
2018-09-16,ETHUSD,221.93,223,205.62,220.08,17787.09,3854901.43
2018-09-15,ETHUSD,208.71,227,208.19,221.93,16998.02,3755322.84
2018-09-14,ETHUSD,211.31,223.91,202.53,208.71,72124.27,15423847.44
2018-09-13,ETHUSD,182.78,214.88,182.78,211.31,90544.48,18089296.99
2018-09-12,ETHUSD,185.04,185.04,167,182.78,70517.51,12243949.53
2018-09-11,ETHUSD,196.66,199.03,176,185.04,83013.95,15473033.2
2018-09-10,ETHUSD,195.8,202.77,186.44,196.66,44437.24,8631136.76
2018-09-09,ETHUSD,197.16,208.37,185.82,195.8,37329.69,7367237.48
2018-09-08,ETHUSD,214.77,220.38,190.11,197.16,51520.37,10496585.46
2018-09-07,ETHUSD,229.03,233.99,213.37,214.77,47472.43,10449814.0
2018-09-06,ETHUSD,227.99,259.48,210.79,229.03,62118.89,13883562.35
2018-09-05,ETHUSD,285.22,287.55,226,227.99,53395.65,13681147.4
2018-09-04,ETHUSD,288.85,292.29,281.99,285.22,20921.81,6003554.03
2018-09-03,ETHUSD,294.75,296.38,285,288.85,14272.21,4126843.82
2018-09-02,ETHUSD,295.45,299.16,288.78,294.75,13789.7,4065231.51
2018-09-01,ETHUSD,281.49,302.66,281.47,295.45,13507.21,3963848.19
2018-08-31,ETHUSD,284.21,284.93,276.23,281.49,13576.45,3813282.84
2018-08-30,ETHUSD,288.34,290.81,272.23,284.21,21610.46,6085859.05
2018-08-29,ETHUSD,295.9,297.04,284,288.34,10750.94,3124396.9
2018-08-28,ETHUSD,287.99,297.97,282.5,295.9,18066.32,5223906.6
2018-08-27,ETHUSD,274.69,288.25,271.3,287.99,12957.61,3604170.34
2018-08-26,ETHUSD,277.99,277.99,269.61,274.69,6441.85,1763186.35
2018-08-25,ETHUSD,280.9,283.14,276.2,277.99,2568.84,717109.38
2018-08-24,ETHUSD,275.72,283.72,270.01,280.9,12600.89,3488787.96
2018-08-23,ETHUSD,269.99,280.65,268.17,275.72,17426.25,4778703.6
2018-08-22,ETHUSD,281.25,298.89,258.99,269.99,28132.21,7854319.61
2018-08-21,ETHUSD,270.85,285.71,269.73,281.25,17859.54,4946818.1
2018-08-20,ETHUSD,299.97,303.99,269.35,270.85,24070.61,6858707.92
2018-08-19,ETHUSD,293.83,306.65,289.13,299.97,15283.59,4543476.94
2018-08-18,ETHUSD,317.43,321.18,282.67,293.83,28432.14,8484409.55
2018-08-17,ETHUSD,286.62,318.53,285.11,317.43,38560.07,11620021.97
2018-08-16,ETHUSD,281.17,298.97,278.14,286.62,26607.61,7707006.73
2018-08-15,ETHUSD,277.83,305.76,276.87,281.17,36888.34,10654712.32
2018-08-14,ETHUSD,283.95,283.96,250.54,277.83,93651.36,24682548.69
2018-08-13,ETHUSD,318.08,321.86,281.07,283.95,35376.53,10739356.81
2018-08-12,ETHUSD,312.89,312.89,312.89,312.89,0.0,0.0
2018-08-11,ETHUSD,331.63,332.84,311.64,312.89,11026.37,3513894.97
2018-08-10,ETHUSD,363.52,366.23,326,331.63,21295.27,7453618.69
2018-08-09,ETHUSD,355.59,370.43,350.84,363.52,30689.28,11058293.08
2018-08-08,ETHUSD,378.3,381.52,347.62,355.59,38217.34,13959803.63
2018-08-07,ETHUSD,404.25,410.67,369.22,378.3,22084.43,8700819.43
2018-08-06,ETHUSD,408.97,412.99,400.59,404.25,9716.07,3953960.95
2018-08-05,ETHUSD,406.54,413.58,400.36,408.97,7449.33,3029059.21
2018-08-04,ETHUSD,416.91,418.99,401.16,406.54,10050.63,4122164.46
2018-08-03,ETHUSD,410.56,419.88,397.41,416.91,15210.82,6209972.29
2018-08-02,ETHUSD,420.06,424.85,407.33,410.56,14313.3,5954815.21
2018-08-01,ETHUSD,432.29,434.41,407.49,420.06,17818.57,7468005.1
2018-07-31,ETHUSD,456.97,457.23,427.3,432.29,16276.38,7090601.79
2018-07-30,ETHUSD,466.47,469.06,445.5,456.97,10719.74,4892642.39
2018-07-29,ETHUSD,469,471.97,461.8,466.47,2204.24,1028442.56
2018-07-28,ETHUSD,469.21,472,461.11,469,2160.23,1009706.15
2018-07-27,ETHUSD,461.98,474.61,455.8,469.21,10102.08,4684922.19
2018-07-26,ETHUSD,471.33,484.14,459.57,461.98,10386.12,4920088.7
2018-07-25,ETHUSD,479.58,484.64,463.1,471.33,11699.13,5547067.79
2018-07-24,ETHUSD,449.73,483.24,448.01,479.58,15138.01,7103846.09
2018-07-23,ETHUSD,457,469.51,445.74,449.73,11768.88,5404493.57
2018-07-22,ETHUSD,461.39,471.51,453,457,5169.7,2394027.55
2018-07-21,ETHUSD,447.34,468.68,441.33,461.39,5795.98,2665757.34
2018-07-20,ETHUSD,468.58,469.66,441,447.34,11213.47,5119097.95
2018-07-19,ETHUSD,479.47,483.73,462.45,468.58,9223.82,4361604.85
2018-07-18,ETHUSD,498.9,514.94,469.06,479.47,17950.88,8827798.19
2018-07-17,ETHUSD,478,511.44,465.75,498.9,27583.62,13491675.6
2018-07-16,ETHUSD,449.54,480,444.02,478,17599.98,8236863.39
2018-07-15,ETHUSD,433.37,454.94,431.05,449.54,11051.8,4954806.28
2018-07-14,ETHUSD,433.43,439.99,428.2,433.37,3707.71,1607752.46
2018-07-13,ETHUSD,430.57,442.4,424,433.43,11426.97,4961020.34
2018-07-12,ETHUSD,444.34,445.92,417.37,430.57,13839.76,5933860.05
2018-07-11,ETHUSD,433.24,447.1,424.89,444.34,11055.06,4831248.18
2018-07-10,ETHUSD,471.76,473.48,426.95,433.24,32529.14,14465722.84
2018-07-09,ETHUSD,485.52,488.64,468.17,471.76,12176.44,5831552.37
2018-07-08,ETHUSD,485.68,495.48,481.92,485.52,8879.97,4321466.68
2018-07-07,ETHUSD,469.99,487,461.26,485.68,7700.5,3650553.96
2018-07-06,ETHUSD,467.98,477,450.08,469.99,9005.83,4183244.49
2018-07-05,ETHUSD,466.99,479.05,457.37,467.98,14252.21,6683988.84
2018-07-04,ETHUSD,460.89,482.2,451.06,466.99,16081.83,7489591.49
2018-07-03,ETHUSD,475.63,486.99,459.66,460.89,16389.19,7733222.42
2018-07-02,ETHUSD,452.42,481.7,443.28,475.63,26051.77,12095485.03
2018-07-01,ETHUSD,453.84,456.99,444.33,452.42,11857.34,5362612.82
2018-06-30,ETHUSD,434.4,463,434.4,453.84,17994.05,8074383.08
2018-06-29,ETHUSD,420.51,442.08,404.98,434.4,22951.4,9557402.17
2018-06-28,ETHUSD,441.55,443.67,417,420.51,11044.72,4768027.53
2018-06-27,ETHUSD,429.73,446.66,420,441.55,19038.2,8210469.4
2018-06-26,ETHUSD,458.48,461.65,428.87,429.73,23672.15,10591282.69
2018-06-25,ETHUSD,455.27,474.69,445,458.48,25796.12,11814090.61
2018-06-24,ETHUSD,475.35,476.42,421,455.27,26971.2,12011788.16
2018-06-23,ETHUSD,462.86,482.53,457.16,475.35,7043.56,3319064.02
2018-06-22,ETHUSD,525.27,526.27,449.91,462.86,51972.46,25181790.28
2018-06-21,ETHUSD,536.3,545.23,521.04,525.27,12803.87,6798779.96
2018-06-20,ETHUSD,538.11,542.29,516.97,536.3,13158.59,6985736.55
2018-06-19,ETHUSD,517.04,547.82,514.62,538.11,16731.88,8903110.41
2018-06-18,ETHUSD,497.26,524.54,487.3,517.04,12730.78,6462798.2
2018-06-17,ETHUSD,497.84,510,493.3,497.26,11403.09,5738921.47
2018-06-16,ETHUSD,488.27,502.82,483.16,497.84,7986.64,3954540.56
2018-06-15,ETHUSD,520.57,522.31,483.73,488.27,21467.66,10793358.79
2018-06-14,ETHUSD,475.89,527.97,460.25,520.57,48837.27,24131512.02
2018-06-13,ETHUSD,494.16,501.71,449.65,475.89,38425.71,18198066.59
2018-06-12,ETHUSD,530.57,540.56,485,494.16,23604.47,12093609.39
2018-06-11,ETHUSD,526.28,536.87,509.85,530.57,28129.93,14722723.76
2018-06-10,ETHUSD,593.88,593.88,504,526.28,40970.53,22399874.48
2018-06-09,ETHUSD,599.88,610,590.93,593.88,4135.69,2488952.91
2018-06-08,ETHUSD,604.05,608,592.06,599.88,13892.62,8341791.84
2018-06-07,ETHUSD,606.39,616.74,597.96,604.05,21291.02,12941701.39
2018-06-06,ETHUSD,607.53,612.04,593.4,606.39,21138.65,12741072.02
2018-06-05,ETHUSD,590,613,576.47,607.53,36158.04,21501507.33
2018-06-04,ETHUSD,619.59,625.4,579.03,590,21461.18,12913293.8
2018-06-03,ETHUSD,591,628.78,590,619.59,10974.65,6732722.23
2018-06-02,ETHUSD,578.96,599.5,573.32,591,15555.64,9150290.07
2018-06-01,ETHUSD,576.85,589,563.38,578.96,22076.54,12727204.53
2018-05-31,ETHUSD,556.82,586,553.2,576.85,32196.4,18470465.66
2018-05-30,ETHUSD,566.99,585.32,541.3,556.82,34053.02,19104926.92
2018-05-29,ETHUSD,512.23,573.34,510.05,566.99,35847.36,19319909.05
2018-05-28,ETHUSD,571.39,576.45,506.3,512.23,22259.11,11912155.04
2018-05-27,ETHUSD,585.65,592.88,556.92,571.39,11946.29,6859871.71
2018-05-26,ETHUSD,584.99,607.7,578.84,585.65,9028.9,5360504.55
2018-05-25,ETHUSD,601.76,616.18,569.19,584.99,22893.39,13595197.96
2018-05-24,ETHUSD,576.84,609,549.28,601.76,42744.25,24892035.28
2018-05-23,ETHUSD,640.86,649.89,564.94,576.84,67508.31,40520621.6
2018-05-22,ETHUSD,696.43,699.57,637.93,640.86,30230.0,20371982.92
2018-05-21,ETHUSD,716,720,687.8,696.43,13978.12,9859494.89
2018-05-20,ETHUSD,695.88,723.16,687.89,716,10793.91,7692574.17
2018-05-19,ETHUSD,692.54,716.93,683,695.88,12333.29,8619183.38
2018-05-18,ETHUSD,669.04,694.96,656.36,692.54,23002.33,15531259.28
2018-05-17,ETHUSD,706.88,718.9,660.65,669.04,35431.74,24678761.6
2018-05-16,ETHUSD,707.38,712,674.57,706.88,24194.54,16797410.82
2018-05-15,ETHUSD,727.62,739.37,695.74,707.38,30116.83,21824205.76
2018-05-14,ETHUSD,730.06,743,686.63,727.62,43957.93,31490190.07
2018-05-13,ETHUSD,683.99,741.61,668.78,730.06,31210.26,21960407.95
2018-05-12,ETHUSD,677.26,692.7,638.15,683.99,31181.08,20717889.95
2018-05-11,ETHUSD,723.6,735.68,662.57,677.26,50671.75,35055783.87
2018-05-10,ETHUSD,749.58,766.99,720,723.6,29806.88,22330339.48
2018-05-09,ETHUSD,747.92,759.9,710.01,749.58,35051.92,25752685.44
2018-05-08,ETHUSD,751.18,775.11,716,747.92,37843.38,28009168.22
2018-05-07,ETHUSD,787.42,791,691.99,751.18,53733.47,39231856.77
2018-05-06,ETHUSD,815.45,832.37,749,787.42,30945.17,24207174.37
2018-05-05,ETHUSD,782.47,830,778.03,815.45,16170.22,13099107.07
2018-05-04,ETHUSD,776.92,803.99,758.1,782.47,30244.06,23710094.63
2018-05-03,ETHUSD,687.29,785,684.89,776.92,54001.98,39662583.12
2018-05-02,ETHUSD,669.86,690.05,661.03,687.29,27719.04,18812632.05
2018-05-01,ETHUSD,669.98,674.01,627.22,669.86,36528.64,23786117.68
2018-04-30,ETHUSD,689.23,694.14,663,669.98,23810.06,16215129.92
2018-04-29,ETHUSD,683.38,699.97,666,689.23,22215.95,15200757.04
2018-04-28,ETHUSD,642.54,697.08,639.05,683.38,24553.17,16696443.32
2018-04-27,ETHUSD,660.95,685,636.15,642.54,29571.04,19744517.72
2018-04-26,ETHUSD,617.02,666,598.15,660.95,49649.48,31048589.4
2018-04-25,ETHUSD,703.71,704.01,595,617.02,112502.46,71898152.12
2018-04-24,ETHUSD,643.77,711.7,643.68,703.71,54671.06,37658711.96
2018-04-23,ETHUSD,621.5,648.24,618.56,643.77,24226.71,15454599.33
2018-04-22,ETHUSD,604.85,643.46,591.31,621.5,30537.8,18983954.8
2018-04-21,ETHUSD,617.7,624.75,573.58,604.85,36398.73,21864943.78
2018-04-20,ETHUSD,566.46,622.26,556.37,617.7,52187.09,30625886.34
2018-04-19,ETHUSD,525.2,569,520.2,566.46,31732.09,17262758.57
2018-04-18,ETHUSD,502.8,526.66,501.28,525.2,23073.93,11868079.69
2018-04-17,ETHUSD,510.57,521.36,500.54,502.8,22085.39,11248019.95
2018-04-16,ETHUSD,533.83,537.43,498.34,510.57,28988.81,14877297.5
2018-04-15,ETHUSD,503.41,535,503.14,533.83,29650.65,15424854.36
2018-04-14,ETHUSD,495.95,515.91,486,503.41,18199.93,9141352.03
2018-04-13,ETHUSD,494.31,529.36,481.67,495.95,57808.73,29380218.17
2018-04-12,ETHUSD,430,498,413.8,494.31,48431.86,21989054.67
2018-04-11,ETHUSD,415.65,433.46,411,430,21763.25,9172418.45
2018-04-10,ETHUSD,399,418.3,391.28,415.65,25139.03,10097890.07
2018-04-09,ETHUSD,400.23,431.36,386.19,399,26518.22,10794949.12
2018-04-08,ETHUSD,384.66,410,384.14,400.23,11317.66,4510027.19
2018-04-07,ETHUSD,370.08,397.4,368.99,384.66,16411.98,6314152.63
2018-04-06,ETHUSD,381.05,385.62,360,370.08,18493.15,6822681.99
2018-04-05,ETHUSD,378.99,387.49,366.95,381.05,20729.05,7839973.51
2018-04-04,ETHUSD,415.32,417.5,370.49,378.99,31337.18,12129246.25
2018-04-03,ETHUSD,384.47,419.08,380,415.32,31371.19,12665490.73
2018-04-02,ETHUSD,378,395,375.02,384.47,20485.05,7905826.4
2018-04-01,ETHUSD,393.79,399.78,358.4,378,40341.46,15176213.97
2018-03-31,ETHUSD,393.46,419.7,387.85,393.79,37134.69,14961868.1
2018-03-30,ETHUSD,383.07,411.41,362,393.46,92799.41,35648684.52
2018-03-29,ETHUSD,446.49,448.5,378.86,383.07,78007.79,31494020.96
2018-03-28,ETHUSD,449.41,465.85,440,446.49,22678.78,10229638.29
2018-03-27,ETHUSD,485.79,492.09,445.08,449.41,51374.77,23717562.77
2018-03-26,ETHUSD,521.99,525.55,466.72,485.79,46310.09,22767520.72
2018-03-25,ETHUSD,519.99,535.68,512.59,521.99,13946.26,7274739.21
2018-03-24,ETHUSD,543.03,545.55,518.66,519.99,16223.12,8675984.5
2018-03-23,ETHUSD,540.12,543.2,506,543.03,26831.19,13993919.05
2018-03-22,ETHUSD,560.52,578.58,517.45,540.12,29000.28,15732431.06
2018-03-21,ETHUSD,557.41,590.69,545,560.52,42065.02,23966692.42
2018-03-20,ETHUSD,555.68,567.49,515.38,557.41,41228.07,22372593.36
2018-03-19,ETHUSD,538,559,515.47,555.68,50383.27,27164244.84
2018-03-18,ETHUSD,550.1,561.52,453.01,538,79232.22,39669901.87
2018-03-17,ETHUSD,599.87,610,542.75,550.1,21796.89,12533882.59
2018-03-16,ETHUSD,611.02,625.51,583.4,599.87,30596.65,18603170.86
2018-03-15,ETHUSD,613.07,620,571.56,611.02,44548.03,26800176.92
2018-03-14,ETHUSD,690.01,703.51,584,613.07,38834.72,24891541.86
2018-03-13,ETHUSD,695.5,715,680,690.01,27159.25,18821683.36
2018-03-12,ETHUSD,720.38,740.7,676,695.5,25021.99,17746205.68
2018-03-11,ETHUSD,682.87,737.14,662.48,720.38,17188.71,12033021.61
2018-03-10,ETHUSD,726.13,750,676.21,682.87,14417.57,10386109.79
2018-03-09,ETHUSD,698.06,732.31,640.55,726.13,53099.98,36217417.2
2018-03-08,ETHUSD,750.42,773.12,686.5,698.06,32177.2,23532983.02
2018-03-07,ETHUSD,813.09,825.61,723.13,750.42,41014.67,31186784.89
2018-03-06,ETHUSD,848,850.99,802.55,813.09,18233.71,15091451.81
2018-03-05,ETHUSD,862.28,869.21,848,848,8662.08,7454520.86
2018-03-04,ETHUSD,853.76,866.43,837.17,862.28,5387.93,4585621.88
2018-03-03,ETHUSD,856.08,868.7,849,853.76,5600.73,4812826.3
2018-03-02,ETHUSD,869.01,875.17,847.93,856.08,7584.52,6531494.58
2018-03-01,ETHUSD,850.16,881.47,845.81,869.01,16063.6,13958089.6
2018-02-28,ETHUSD,870.32,889.85,848.46,850.16,15701.07,13654448.62
2018-02-27,ETHUSD,868.4,896,861,870.32,14062.01,12366980.38
2018-02-26,ETHUSD,842.65,880,834.77,868.4,15603.01,13426195.18
2018-02-25,ETHUSD,835.74,851.38,818.38,842.65,8988.89,7497588.33
2018-02-24,ETHUSD,851.98,878,809.01,835.74,11028.29,9240502.17
2018-02-23,ETHUSD,803.57,883.44,787,851.98,20669.2,17425267.71
2018-02-22,ETHUSD,837.98,871.81,789.99,803.57,26905.05,22123158.68
2018-02-21,ETHUSD,884.24,906.09,816,837.98,34498.71,29817820.23
2018-02-20,ETHUSD,938.05,958.74,874,884.24,25435.77,23414826.73
2018-02-19,ETHUSD,912.85,955.58,906,938.05,14832.72,13910821.95
2018-02-18,ETHUSD,977.74,983.31,905.52,912.85,28492.25,26674431.16
2018-02-17,ETHUSD,940,980,935.25,977.74,20558.71,19769580.41
2018-02-16,ETHUSD,927.91,947.87,908,940,23773.48,22105688.99
2018-02-15,ETHUSD,922.98,951.25,905,927.91,41358.45,38469448.44
2018-02-14,ETHUSD,841.82,924.52,839.75,922.98,43648.22,38820006.6
2018-02-13,ETHUSD,865.57,869.14,819.31,841.82,24840.28,20852550.01
2018-02-12,ETHUSD,809.69,877.95,808.52,865.57,23687.09,20236422.85
2018-02-11,ETHUSD,851.83,855.19,775.99,809.69,25362.86,20574387.38
2018-02-10,ETHUSD,875.1,913.3,815,851.83,32319.24,28159024.53
2018-02-09,ETHUSD,812.01,883.07,780.88,875.1,40273.37,33440757.53
2018-02-08,ETHUSD,752.89,846.28,748.42,812.01,40467.32,32767068.71
2018-02-07,ETHUSD,784.01,866.05,720.01,752.89,75081.13,59979215.08
2018-02-06,ETHUSD,692.36,808,565,784.01,157935.75,105635084.43
2018-02-05,ETHUSD,826.51,855,632,692.36,128779.91,93646186.49
2018-02-04,ETHUSD,969.93,969.96,782,826.51,37124.18,32212587.32
2018-02-03,ETHUSD,918.39,995,838.67,969.93,27592.49,25845614.41
2018-02-02,ETHUSD,1022.08,1022.08,731,918.39,184904.24,163787521.59
2018-02-01,ETHUSD,1110.14,1152.05,936,1022.08,92033.55,97420345.0
2018-01-31,ETHUSD,1051.54,1118.88,1010.77,1110.14,34149.47,36823923.26
2018-01-30,ETHUSD,1168,1172,1025.77,1051.54,61847.15,68310979.3
2018-01-29,ETHUSD,1229.41,1239,1141,1168,40475.91,47712758.1
2018-01-28,ETHUSD,1115.51,1240,1099.76,1229.41,29175.42,34733431.76
2018-01-27,ETHUSD,1051.81,1126.01,1034.45,1115.51,29317.95,31570026.1
2018-01-26,ETHUSD,1050,1075.9,984,1051.81,39359.62,40473858.68
2018-01-25,ETHUSD,1065,1105,1014.48,1050,62196.24,65357176.23
2018-01-24,ETHUSD,983.7,1069.65,957.69,1065,44493.76,45222578.83
2018-01-23,ETHUSD,997.21,1024.98,905,983.7,61938.03,60151552.29
2018-01-22,ETHUSD,1049.09,1092,917,997.21,48389.73,48078073.65
2018-01-21,ETHUSD,1150,1151,1008,1049.09,37050.56,39711684.02
2018-01-20,ETHUSD,1036.03,1171,1036.03,1150,31922.41,35856520.99
2018-01-19,ETHUSD,1024.69,1095,995.01,1036.03,49838.57,51792512.24
2018-01-18,ETHUSD,1029.22,1105,951.12,1024.69,96056.34,99181551.38
2018-01-17,ETHUSD,1057.88,1109.58,761.61,1029.22,179200.0,162181963.93
2018-01-16,ETHUSD,1276.71,1281.16,862.11,1057.88,127923.05,136634452.92
2018-01-15,ETHUSD,1359.59,1379,1269,1276.71,33997.65,44691560.27
2018-01-14,ETHUSD,1384.78,1389,1265,1359.59,35328.24,46817527.9
2018-01-13,ETHUSD,1258.68,1420,1256,1384.78,41803.41,56577725.3
2018-01-12,ETHUSD,1135,1288.34,1080.59,1258.68,46451.21,56579737.77
2018-01-11,ETHUSD,1240.48,1334.33,1100,1135,95639.75,114736730.72
2018-01-10,ETHUSD,1287.47,1378.99,1187.96,1240.48,96347.51,125834355.1
2018-01-09,ETHUSD,1130,1301,1115,1287.47,102885.38,123662002.07
2018-01-08,ETHUSD,1117.96,1229.76,964,1130,109477.59,123173201.93
2018-01-07,ETHUSD,1004.27,1118.72,1000,1117.96,47293.11,50605502.35
2018-01-06,ETHUSD,966,1009.22,950.01,1004.27,29967.36,29708300.53
2018-01-05,ETHUSD,940,1022,924.69,966,52023.54,50807581.42
2018-01-04,ETHUSD,940.4,999.91,895.52,940,77160.74,73312586.84
2018-01-03,ETHUSD,858.6,950,850,940.4,57117.21,50614980.68
2018-01-02,ETHUSD,752.78,888,752.78,858.6,67628.49,57231450.99
2018-01-01,ETHUSD,743.48,768.87,722.02,752.78,29181.94,21811639.35
2017-12-31,ETHUSD,698.46,759.08,687.03,743.48,24771.96,17864222.87
2017-12-30,ETHUSD,732.67,740.72,659.06,698.46,59596.87,41619597.01
2017-12-29,ETHUSD,717.23,758,709,732.67,44816.84,32932640.32
2017-12-28,ETHUSD,738.78,739.8,666,717.23,40099.34,28006548.75
2017-12-27,ETHUSD,751.09,770,704.54,738.78,53760.85,39840501.45
2017-12-26,ETHUSD,724,765,716.7,751.09,24164.54,17964660.22
2017-12-25,ETHUSD,686.96,750,684,724,42706.02,30624272.73
2017-12-24,ETHUSD,699.86,704.93,604.19,686.96,45120.39,29335293.78
2017-12-23,ETHUSD,669.36,755,649.57,699.86,40879.14,29124563.94
2017-12-22,ETHUSD,783.8,792.5,501,669.36,164428.2,104608927.33
2017-12-21,ETHUSD,797.1,842.73,752,783.8,75451.39,60484270.34
2017-12-20,ETHUSD,817.72,833.67,721.02,797.1,81483.02,64005220.28
2017-12-19,ETHUSD,787.28,870,772.91,817.72,87098.13,71504353.38
2017-12-18,ETHUSD,706.91,800.39,671.56,787.28,57460.08,42506114.15
2017-12-17,ETHUSD,684,726,683.06,706.91,27771.42,19664123.78
2017-12-16,ETHUSD,676.36,711.77,665.5,684,23905.72,16434500.56
2017-12-15,ETHUSD,689.69,692.5,601.13,676.36,54771.22,36087695.59
2017-12-14,ETHUSD,694.5,745,647.5,689.69,89396.17,62301015.17
2017-12-13,ETHUSD,620.59,742.23,585,694.5,127713.17,85319760.43
2017-12-12,ETHUSD,503.47,645.55,487,620.59,95283.01,53634930.74
2017-12-11,ETHUSD,425.07,505,421.17,503.47,44543.45,20712267.88
2017-12-10,ETHUSD,456.38,459.44,401.33,425.07,29510.03,12703843.48
2017-12-09,ETHUSD,440.27,497.99,433,456.38,48252.92,22439454.27
2017-12-08,ETHUSD,411.03,454.85,391,440.27,58296.63,25139946.87
2017-12-07,ETHUSD,415.83,436.42,400,411.03,48889.8,20297020.09
2017-12-06,ETHUSD,455.76,459.85,405.88,415.83,50979.87,22125584.99
2017-12-05,ETHUSD,467.83,471.9,450.49,455.76,22812.03,10475929.75
2017-12-04,ETHUSD,463,473.9,446.2,467.83,31067.36,14339920.11
2017-12-03,ETHUSD,456.04,482.8,441.02,463,33041.92,15385296.14
2017-12-02,ETHUSD,460.3,472.32,447,456.04,23203.04,10679948.95
2017-12-01,ETHUSD,435.09,469.4,415.16,460.3,30626.87,13628268.39
2017-11-30,ETHUSD,423.9,455.99,388,435.09,59144.71,24829664.37
2017-11-29,ETHUSD,464.95,519.23,405,423.9,116769.92,54776310.04
2017-11-28,ETHUSD,474.67,478.15,457.61,464.95,49678.07,23218695.7
2017-11-27,ETHUSD,467,487,456.24,474.67,53900.59,25539860.51
2017-11-26,ETHUSD,463,472.76,438.09,467,29143.14,13208221.61
2017-11-25,ETHUSD,471.17,483,451,463,31084.17,14484869.28
2017-11-24,ETHUSD,406.75,478.99,395,471.17,84954.03,36850995.89
2017-11-23,ETHUSD,380.88,426.04,370.11,406.75,77408.69,31247094.1
2017-11-22,ETHUSD,359.6,383.94,358.33,380.88,34942.55,12961685.49
2017-11-21,ETHUSD,366,372.94,345.52,359.6,51067.56,18500330.41
2017-11-20,ETHUSD,354.48,372.88,350,366,28170.7,10193832.49
2017-11-19,ETHUSD,346.96,372,344.01,354.48,32139.68,11451664.0
2017-11-18,ETHUSD,331.25,349.31,326.3,346.96,26074.43,8763543.7
2017-11-17,ETHUSD,329.91,334.86,325,331.25,24845.12,8208502.56
2017-11-16,ETHUSD,331.88,335.16,321,329.91,34360.48,11257762.02
2017-11-15,ETHUSD,335.54,340,323.19,331.88,27052.55,9039874.86
2017-11-14,ETHUSD,315.81,340.99,314.95,335.54,48769.57,16066296.01
2017-11-13,ETHUSD,306.1,320.69,305.91,316.14,36613.5,11517856.3
2017-11-12,ETHUSD,315.76,318.98,300.11,306.1,48200.8,14854823.36
2017-11-11,ETHUSD,298.66,322.19,298,315.76,23836.74,7328431.51
2017-11-10,ETHUSD,321.32,325.61,291,298.66,34411.65,10580539.65
2017-11-09,ETHUSD,322.15,331.7,317.29,321.32,13118.15,4270934.9
